<?xml version="1.0" encoding="UTF-8"?>
<project-private xmlns="http://www.netbeans.org/ns/project-private/1">
    <editor-bookmarks xmlns="http://www.netbeans.org/ns/editor-bookmarks/2" lastBookmarkId="0"/>
    <open-files xmlns="http://www.netbeans.org/ns/projectui-open-files/2">
        <group>
            <file>file:/C:/wamp64/www/Meus%20Projeto/Site_S-Vias/_styles/login.css</file>
            <file>file:/C:/wamp64/www/Meus%20Projeto/Site_S-Vias/login.htm</file>
            <file>file:/C:/wamp64/www/Meus%20Projeto/Site_S-Vias/index.php</file>
        </group>
    </open-files>
</project-private>
